Role,Skills,Soft Skills,Advanced Concepts,Suggested Certifications & Courses
Frontend Developer,"HTML, CSS, JavaScript, TypeScript, React, Angular, Vue, TailwindCSS, SASS, Figma, Adobe XD, Webpack, Vite, Git, GitHub","Problem-solving, Creativity, Communication, UI/UX Principles","Responsive Design, State Management, Component Lifecycle, Progressive Web Apps","Coursera: HTML, CSS, JavaScript for Web Developers, Udacity: Frontend Developer Nanodegree, Google UX Design Certificate"
Backend Developer,"Node.js, Express.js, Django, Flask, Ruby on Rails, Spring Boot, MySQL, PostgreSQL, MongoDB, Docker, Redis, Nginx, Git","Debugging, Analytical Thinking, API Design, Scalability","Microservices, RESTful APIs, GraphQL, Authentication & Authorization","Udemy: The Complete Node.js Developer Course, Coursera: Python for Everybody, MongoDB University Certification"
Full Stack Developer,"MERN/MEAN Stack, LAMP Stack, Django + React, Spring Boot + Angular, AWS, Firebase, Docker, Kubernetes, CI/CD Tools","Versatility, Problem-solving, Project Management","Cloud Deployment, Serverless Architecture, DevOps Practices","Udemy: Full-Stack Web Development with React and Node.js, AWS Certified Developer - Associate"
Cyber Security Engineer,"Python, Bash, C, C++, Assembly, Kali Linux, Metasploit, Wireshark, Burp Suite, Nessus","Critical Thinking, Attention to Detail, Threat Analysis","Network Security, Penetration Testing, Encryption, Vulnerability Assessment","CEH, CompTIA Security+, OSCP"
AI/ML Engineer,"Python, R, TensorFlow, PyTorch, Keras, OpenCV, Jupyter, Google Colab, AWS Sagemaker","Analytical Skills, Research, Creativity","Neural Networks, NLP, Computer Vision, Reinforcement Learning","Coursera: Deep Learning Specialization, Udacity: AI Programming with Python, Google AI ML Crash Course"
Data Scientist,"Python, R, SQL, Pandas, Scikit-Learn, Matplotlib, Jupyter, Tableau, Power BI, AWS Redshift","Problem Solving, Communication, Data Interpretation","Predictive Analytics, Statistical Modeling, A/B Testing","Udacity: Data Science Nanodegree, IBM Data Science Professional Certificate"
Cloud Engineer,"AWS, Azure, Google Cloud, Kubernetes, Terraform, Docker, Jenkins, Ansible, GitLab CI/CD, Prometheus","Automation, Problem Solving, Adaptability","Cloud Architecture, Orchestration, Security, Disaster Recovery","AWS Solutions Architect, Google Cloud Professional Cloud Architect, Microsoft Azure Solutions Architect Expert"
DevOps Engineer,"Docker, Kubernetes, Jenkins, Ansible, Terraform, AWS, Azure DevOps, Git, GitHub Actions, Nagios","Teamwork, Problem Solving, Adaptability","CI/CD Pipelines, Infrastructure as Code (IaC), Monitoring & Logging","Udacity: DevOps Nanodegree, AWS DevOps Engineer Certification"
Game Developer,"Unity, Unreal Engine, C#, C++, Lua, Blender, Autodesk Maya, Git, Plastic SCM","Creativity, Problem-solving, 3D Thinking","Game Physics, VR/AR Development, Multiplayer Networking","Udemy: Unity Game Development Course, Coursera: Game Design and Development"
Blockchain Developer,"Solidity, Smart Contracts, Ethereum, Hyperledger, Truffle, Ganache, MetaMask, Remix IDE","Analytical Skills, Problem Solving, Security Awareness","Decentralized Apps (DApps), Cryptography, Consensus Mechanisms","Coursera: Blockchain Specialization, ConsenSys Blockchain Developer Bootcamp"
Mobile App Developer,"Flutter, React Native, Swift, Kotlin, Java, Android Studio, Xcode, Firebase, Git","Adaptability, Problem Solving, User-Centric Design","Cross-Platform Development, UI/UX Optimization, App Store Deployment","Udemy: Flutter & Dart, Android Developer Certification (Google)"
QA Engineer,"Selenium, Cypress, TestNG, JUnit, Appium, Jenkins, Git, Jira, Postman","Attention to Detail, Problem Solving, Analytical Skills","Automated Testing, Performance Testing, API Testing","Udemy: Selenium WebDriver with Java, ISTQB Certification"
Technical Product Manager,"Agile, Scrum, Project Management, Software Development, Jira, Trello, MS Project, Asana","Leadership, Communication, Strategic Thinking","Product Roadmap, MVP Development, Market Research","Coursera: Agile Product Development, PMP Certification"